{
  "home": [
    -1.06325,
    -1.074044,
    -1.99242,
    -1.61622,
    1.532876,
    -2.55568
  ],
  "pick_stock_2": [-0.7636, -1.9387, -1.8535, -0.9022, 1.5452, -0.7494],
  "pick_stock_1": [
    -0.9094065,
    -1.9896281,
    -1.7553275,
    -0.9688891,
    1.5655615,
    -0.8949268
  ],
  "pick_stock_3": [
    -0.8034056,
    -1.8058227,
    -2.0227502,
    -0.8855699,
    1.5648563,
    -0.7889026
  ],
  "pick_stock_5": [
    -0.6631029,
    -1.6095484,
    -2.2581113,
    -0.8469937,
    1.5638518,
    -0.6484368
  ],
  "pick_stock_4": [
    -0.6482661,
    -1.7758516,
    -2.0620006,
    -0.8768213,
    1.5650114,
    -0.6337712
  ],
  "cell_0": [
    -1.3364843,
    -1.4609402,
    -2.4005483,
    -0.847545,
    1.5571688,
    -2.9245029
  ],
  "cell_1": [
    -1.0636399,
    -1.4192198,
    -2.4330683,
    -0.8598641,
    1.5563321,
    -2.651495
  ],
  "cell_2": [
    -0.8308705,
    -1.460593,
    -2.3983179,
    -0.8546513,
    1.5567509,
    -2.4187978
  ],
  "cell_3": [
    -1.3815902,
    -1.7219284,
    -2.1329272,
    -0.8538488,
    1.5592136,
    -2.9703222
  ],
  "cell_4": [
    -1.1750672,
    -1.6976293,
    -2.1614259,
    -0.8514755,
    1.5585444,
    -2.7639154
  ],
  "cell_5": [
    -0.9804013,
    -1.7219761,
    -2.1309012,
    -0.8593372,
    1.5585684,
    -2.5689047
  ],
  "cell_8": [
    -1.0775388,
    -1.9415038,
    -1.8302544,
    -0.9397104,
    1.5598948,
    -2.666205
  ],
  "cell_7": [
    -1.2412623,
    -1.9228619,
    -1.8586991,
    -0.9282182,
    1.5600263,
    -2.8299282
  ],
  "cell_6": [
    -1.4147752,
    -1.9416836,
    -1.8314646,
    -0.9352525,
    1.5606,
    -3.0034445
  ],
  "pick_stock_1_X": [
    -1.6024492,
    -1.9883359,
    -1.7610572,
    -0.9617952,
    1.5653346,
    -1.5879653
  ],
  "pick_stock_3_X": [
    -1.6091097,
    -1.8039916,
    -2.0294154,
    -0.8777803,
    1.5643661,
    -1.5946663
  ],
  "pick_stock_5_X": [
    -1.618861,
    -1.6022504,
    -2.2696574,
    -0.8385814,
    1.5630273,
    -1.604256
  ],
  "pick_stock_4_X": [
    -1.7458041,
    -1.7772515,
    -2.0648301,
    -0.8684209,
    1.564402,
    -1.7314232
  ],
  "pick_stock_2_X": [
    -1.7179049,
    -1.9522722,
    -1.8167813,
    -0.9416035,
    1.5652746,
    -1.7034748
  ]
}